HousValue,CRIM,ZN,INDUS,CHAS,NOX,RM,AGE,DIS,RAD,TAX,PTRATIO,B,LSTAT
39.912371018393905,0.05659503425165992,20.0,3.33,0,0.443,7.520743257848906,47.40574700607288,5.218056827903967,5,216,14.9,379.85065357127434,3.2999935784323884
35.59185588168225,0.08144127151733913,30.782344969513492,2.3761771757738064,0,0.4670529233935301,7.16367032823644,39.58175924835924,4.035476519031418,6,220,17.802939030253633,394.2289549144697,6.575175195122158
36.804951639394126,0.43399918585255176,0.0,6.2,0,0.5058121703429322,7.717516442872502,74.25281956745128,3.6514872033456847,8,307,17.4,388.08076098372567,4.496393500776678
50.10487761528206,1.9541808884565746,0.0,19.745305287185264,0,0.603177100852488,7.943822420880734,95.72045662434815,2.0340988472264123,5,402,14.672646986095392,369.1969980703517,3.668015377635996
29.86885245901639,0.4841419629896448,10.970648026215757,8.448558578996984,0,0.6032076429271465,7.01774469489789,90.25620457232141,2.684869517440923,5,269,14.534989835543321,393.1306092692402,10.545710546044829
30.807080924855494,0.589431474487967,0.0,6.2,0,0.507,6.80169620270781,78.51620937174074,3.489456585908164,8,307,17.4,395.2025336966293,6.887556619227818
43.93827470060312,0.0803334748154331,1.0582260613522043,2.958871210482667,0,0.44266248131692304,7.811018586376008,36.51372342545495,3.461204484474483,2,276,17.919654587860396,393.7457184374778,3.5836996188856114
30.286157915017338,0.44927315294879266,0.0,6.2,0,0.5067453694102415,6.784225528191452,67.38271937782959,3.653612660401804,8,307,17.4,361.5519372002504,7.812344782892033
42.68040613653305,0.04505857180642771,85.30334815524567,2.966547789938119,0,0.40569665184475434,7.55900948203154,26.162029034978755,5.524297138322868,2,220,16.230125033062425,396.1671986242072,3.3478660737901733
30.48297073747133,0.09337411711078336,48.39852946762673,3.555550001899309,0,0.4529730884978456,6.6640732370705305,28.76014705323733,5.212040892955554,5,388,16.015647072230415,384.58310576394575,4.576992647338134
35.0874686716792,0.018328978287759857,92.21496381293309,2.312375223307168,0,0.4126579565755197,7.306548547938124,34.2394303971362,9.02150671979298,4,203,15.981116646050777,387.1568259241525,3.7823517246096783
30.491943127962085,0.07989141433287268,40.0,6.41,0,0.447,6.483248735171964,32.10361952223758,4.139719487026587,4,254,17.6,396.898,7.173440685763085
49.93632615524137,8.24050936668911,0.24596680662339546,18.18512754724286,0,0.6675643474211393,5.870914562292143,89.62714058494797,1.1502686801306334,23,662,20.153563790247393,347.52637191142185,8.85749359639424
39.500699864055186,0.0730054795581314,32.33515985271047,2.238812782260228,0,0.4705168950560464,7.440456619916601,71.52155253154288,3.180621913467238,6,221,18.22100457572974,396.4076036790493,6.331406400065028
49.23591284748309,0.025451093283949396,95.0,2.68,0,0.416,7.968223474373677,32.37242808460895,5.118,4,224,14.7,391.35939586821377,3.2179677836048626
33.20010998135816,0.028744658591336097,4.7473728876348575,1.9629772394224065,0,0.44660630506967636,7.026755515776531,49.516514774891284,6.919511182732217,3,220,18.672872154927802,394.2516516750457,4.326232883189379
37.058784773060026,0.03618195964929579,80.53028338204226,1.628177809936619,0,0.40633324688098593,7.355512612959859,30.197114308169034,7.088614226423241,2,333,13.04543804091549,396.57579981707113,3.8742500477676067
35.08432432432432,0.5412413150251452,20.0,3.97,0,0.647,7.203372394507544,83.01648872464219,2.0894080665423593,5,264,13.0,392.18951432265374,9.405044061253381
38.1184339314845,0.4993259898006634,0.0,6.2,0,0.504,8.157250384504234,80.36232090287574,3.229979780076321,8,307,17.4,379.4656660347139,4.898091973806073
33.930839002267575,0.03831563123932871,80.0,1.52,0,0.404,7.276051603055636,37.637174397409694,7.309,2,329,12.6,392.94057559680283,6.219148326052532
75.0,1.5953860811156195,0.0,19.58,0,0.605,7.600689604822612,93.44058490634929,1.9959785058708717,5,403,14.7,379.8464105801994,1.7977988016495086
37.91473684210526,0.06856553409162586,0.0,2.46,0,0.488,6.378756412491496,65.25574355556482,2.6187095416325006,3,193,17.8,396.7040833828957,9.176286477724288
36.018801089918256,0.5526216100993562,0.0,6.2,0,0.506400578841947,8.152178476267004,74.01930538966356,3.8046322222017186,8,307,17.4,383.9560849023269,3.0254636064624094
67.15,0.06803445928905015,83.73825251509655,4.384277786048724,0,0.41224608417169883,7.323697868209537,29.07069258886873,5.11724921683434,4,239,18.078524245471037,395.8714758593545,3.6223042085849424
53.650000000000006,0.1591025571222503,24.26881778974675,2.9523738109070186,0,0.45252274737712733,6.951229134065587,35.12249833298047,4.075058722662308,5,217,16.04929709723951,395.84130341173807,5.533010846359479
53.099999999999994,0.018068062712148912,98.74828839626187,1.5471856560784705,0,0.411,6.836778412622053,39.6989045736076,8.124225458760403,4,255,15.356600878766315,393.14834232074764,3.9255916237271067
52.3,0.12323088112336508,0.0,4.544162226567209,0,0.5086209426235334,7.183159111885347,75.29638729470331,2.910173299182367,5,298,16.783874316862217,389.8401473435002,6.281036748903795
51.650000000000006,0.5624291668153693,20.0,3.97,0,0.647,7.363292885359184,91.84999323774727,2.110184044559491,5,264,13.0,389.1920590490206,7.176792682491602
33.525925925925925,0.7162044601517039,20.0,3.97,0,0.647,7.27912996246675,93.35270157978161,2.020052598409469,5,264,13.0,391.2318249785421,10.00379654355588
32.551987767584095,0.037278961820930906,86.73820813035407,1.7955145996640496,0,0.40861801847135926,6.936004342375271,17.861155479590238,7.459178362738106,3,401,16.702575492692745,395.71011956498234,4.5814806588610795
49.45,0.0829714458681024,45.0,3.44,0,0.437,7.102098536969053,39.352563818034945,4.406956977076734,5,398,15.2,396.27490190689645,5.65536696602958
49.97379631790954,9.222631191396637,0.00802345374727775,18.074775327888474,0,0.6295483046197298,6.201558546791078,99.12977697828212,1.2333021886597204,23,667,20.26776577543107,366.11111958647746,9.524799662204321
33.919005847953215,0.03965276122249667,66.19395130613918,3.5555890819200573,0,0.4040969756530696,6.907774752726821,15.41261666246387,5.878403585466424,1,258,16.714911235105053,394.4619227079683,4.574744578998771
29.64105683686433,0.08221992923987906,20.959013283989627,5.814778431069316,0,0.4276048682090437,6.943040151867218,7.377445822446344,8.97192870873021,6,328,19.158991262532084,385.99335983234454,3.540792446345853
51.55,0.6277158259032446,20.0,3.97,0,0.647,6.941620928702981,97.70105549146966,1.988831606524886,5,264,13.0,390.82404348107485,7.228420644075762
30.289950576606262,0.4491571886906851,0.0,6.2,0,0.506768562261863,6.778922096120665,67.30231749220833,3.6534657723415345,8,307,17.4,361.4287058486347,7.83399144440545
74.25,0.033087090829167096,93.63363630654793,2.477778173369093,0,0.4165465454773808,7.85500400008373,33.09069090452384,5.166278183835307,4,226,14.672672726130958,392.9110818237004,3.733483633166684
47.3,0.09049143569081529,0.0,2.46,0,0.488,6.465537215830857,89.22926191284624,2.9499302086469243,3,193,17.8,394.5710165994348,7.455724384740245
33.01197604790419,0.11650471614074673,45.0,3.44,0,0.437,6.663161060697287,27.03816693341929,5.085985086364329,5,398,15.2,381.4401238653215,4.70649866525705
57.9,0.066285281075236,0.0,2.46,0,0.488,7.610853125680815,81.29352310417346,2.7274016020804175,3,193,17.8,395.686330453247,7.73972707739868
33.1987951807229,0.02726199021804701,6.9095975986814455,1.864132681203134,0,0.4414169657631645,7.039852419740585,51.20922783439633,7.310070743396118,3,219,18.660516585150393,394.07978569944197,4.957602498814982
64.3,0.7389021483048879,20.0,3.97,0,0.647,7.629330489067098,93.6531358849661,2.1379982000140276,5,264,13.0,391.5679081804209,9.742581875239678
31.001605136436595,0.04445418719871388,77.21613300080382,1.7204384239421247,0,0.40288645320032157,7.218516871819774,27.390880531937224,7.4534826972582815,2,337,13.212450739823158,389.8492487580353,4.2637352219469475
34.214223512336716,0.020275203419784255,98.06916817852792,1.6704459755971823,0,0.411,6.848051808236436,39.26426763425787,8.015294575835878,4,254,15.495820523401775,393.28416636429444,3.912348779481295
30.661463414634145,0.07832843496982529,40.0,6.41,0,0.447,6.50122299784701,32.15571883433916,4.135681790338715,4,254,17.6,396.898,6.935086332898357
68.4,0.048231966232120616,20.0,3.33,0,0.443,7.734376236375156,57.25867599058459,4.947957061680254,5,216,14.9,382.2982973526741,3.393041013036381
55.1,0.0701487787693397,0.0,2.89,0,0.445,7.451700509447172,60.23778950037723,3.495,2,276,18.0,396.60028956354574,5.958476894179233
68.5,0.557926767064687,20.0,3.97,0,0.575,7.860143062170951,59.39330120346033,2.6597093373918645,5,264,13.0,387.58167951861583,5.179120079917377
48.3,0.11569499437508857,45.0,3.44,0,0.437,6.672299349195429,26.862341635733518,5.130242164584445,5,398,15.2,381.3207477421559,4.718991515355776
32.795121951219514,0.05762481386348399,40.0,6.41,1,0.447,6.774878168500273,33.4338674122876,4.1015100618206155,4,254,17.6,396.6443963994301,3.613561855836319
34.56287769784173,0.05747404907397197,83.07513584657544,4.341123102378065,0,0.407617350568767,7.129549184920547,25.57815626586295,5.79045475040002,3,257,18.00069701983558,396.2279278990312,4.879233278180862
61.35,0.537742976428388,20.0,3.97,0,0.647,7.446544087592888,89.91465925890334,2.090873434377409,5,264,13.0,388.2567107071484,7.456506262490364
31.52015744391373,0.4560691753635204,0.0,6.282812282478649,0,0.5038623393241265,6.557851436983993,21.10402967807786,3.3840567945008524,8,306,17.40945872184973,380.4684423604284,3.855951322015162
35.16815114709852,0.03523232477505365,17.441082583512173,3.1828622485519498,0,0.44491918806236586,7.642155239554096,63.75791394921853,4.869902005416943,4,216,15.386194309132687,388.18031138031415,3.9455215126953673
53.4,0.08640849622641425,45.0,3.44,0,0.437,7.104487411859866,32.91316652291314,5.225207611590067,5,398,15.2,390.28564564582445,5.290219442048552
51.3,0.1143113877756148,45.0,3.44,0,0.437,6.742418379578656,28.260817583890294,5.140341415006382,5,398,15.2,385.1321668280025,4.053493470276641
40.009828009828006,0.05051457357989822,20.0,3.33,0,0.443,7.349223596399629,44.23884040619699,5.22641746132764,5,216,14.9,383.69173124813176,3.7002905726567
55.6,0.337032771746273,10.31182681366458,3.4468386479378874,0,0.5491494508180123,7.622497898968324,78.99042977596272,2.781937175835094,3,269,15.422043296583855,394.78459109453945,6.983881412875772
46.5,0.0739325779243216,45.0,3.44,0,0.437,6.760210085074583,35.88055526205125,5.152643280565057,5,398,15.2,391.7609524165178,5.67158300694
32.879824331097566,0.013112226666427279,34.584076855879005,1.4694153429073704,0,0.4411060751425703,7.245033320309732,48.76660330620647,7.058778034310548,0,284,15.524391906848802,394.7714376417621,5.551255571180404
50.182235205381254,4.876512128358972,0.0,18.095812387212153,0,0.6285234726773877,4.99490536352867,100.370647870757,1.2781446540996924,24,668,20.176975619280476,375.2342503852808,3.354465972242749
30.98228663446055,0.0631764872458352,0.0,2.46,0,0.488,6.185558994269811,70.92824645470958,3.2456145255638336,3,193,17.8,387.886365841237,12.556791006840276
30.066777408637872,0.0162017903108545,60.0,2.93,0,0.401,6.6579438626159355,16.35050827917437,6.22,1,265,15.6,381.2869805602431,4.5588954627569285
75.0,1.7451847385324504,0.0,19.58,0,0.605,7.727069604206622,96.42848265536423,2.0242424034966886,5,403,14.7,385.9752348953748,1.874515095205298
49.050000000000004,0.027189375695833122,0.0,6.761317615792011,0,0.46830562244861185,7.1373404498819975,60.9484994433335,5.036122128979089,2,240,17.85681270874994,392.90949467444017,4.104487773694362
68.25,0.5728802923671984,20.0,3.97,0,0.5881649624843469,8.09751424902191,71.49802884881855,2.332039423023629,5,264,13.0,385.15153644892445,7.5606788227731805
45.23548740416209,1.2916937847862116,0.0,19.58,0,0.605,7.038326165789107,97.48877873414585,1.8951996404998994,5,403,14.7,366.3351731015053,4.293700974788221
12.7,1.131,0.0,8.14,0,0.538,5.713,94.1,4.233,4,307,21.0,360.17,22.6
13.1,1.152,0.0,8.14,0,0.538,5.701,95.0,3.787,4,307,21.0,358.77,18.35
13.2,1.388,0.0,8.14,0,0.538,5.95,82.0,3.99,4,307,21.0,232.6,27.71
14.4,0.254,0.0,6.91,0,0.448,5.399,95.3,5.87,3,233,17.9,396.898,30.81
14.5,1.355,0.0,8.14,0,0.538,6.072,100.0,4.175,4,307,21.0,376.729,13.04
14.8,0.956,0.0,8.14,0,0.538,6.047,88.8,4.453,4,307,21.0,306.379,17.28
15.2,1.232,0.0,8.14,0,0.538,6.142,91.7,3.977,4,307,21.0,396.898,18.72
16.0,0.172,25.0,5.13,0,0.453,5.966,93.4,6.818,8,284,19.7,378.078,14.44
16.6,0.229,0.0,6.91,0,0.448,6.03,85.5,5.689,3,233,17.9,392.738,18.8
17.3,0.15,0.0,25.65,0,0.581,5.856,97.0,1.944,2,188,19.1,370.309,25.41
18.2,0.638,0.0,8.14,0,0.538,6.096,84.5,4.462,4,307,21.0,380.02,10.26
18.2,0.726,0.0,8.14,0,0.538,5.727,69.5,3.796,4,307,21.0,390.949,11.28
18.4,0.773,0.0,8.14,0,0.538,6.495,94.4,4.455,4,307,21.0,387.939,12.8
18.6,0.229,0.0,8.56,0,0.52,6.405,85.4,2.715,5,384,20.9,70.8,10.63
18.9,0.014,75.0,4.0,0,0.41,5.888,47.6,7.32,3,469,21.1,396.898,14.8
18.9,0.117,12.5,7.87,0,0.524,6.009,82.9,6.227,5,311,15.2,396.898,13.27
18.9,0.17,12.5,7.87,0,0.524,6.004,85.9,6.592,5,311,15.2,386.709,17.1
19.3,0.212,0.0,8.56,0,0.52,6.137,87.4,2.715,5,384,20.9,394.469,13.44
19.4,0.044,80.0,3.37,0,0.398,5.787,31.1,6.611,4,337,16.1,396.898,10.24
19.4,0.22,0.0,6.91,0,0.448,5.602,62.0,6.088,3,233,17.9,396.898,16.2
19.4,0.264,0.0,8.56,0,0.52,6.229,91.2,2.545,5,384,20.9,391.229,15.55
19.5,0.133,0.0,8.56,0,0.52,5.851,96.7,2.107,5,384,20.9,394.049,16.47
19.5,0.171,0.0,8.56,0,0.52,5.836,91.9,2.211,5,384,20.9,395.67,18.66
19.6,0.852,0.0,8.14,0,0.538,5.965,89.2,4.012,4,307,21.0,392.529,13.83
20.0,0.188,0.0,6.91,0,0.448,5.786,33.3,5.1,3,233,17.9,396.898,14.15
20.1,0.14,0.0,8.56,0,0.52,6.167,90.0,2.421,5,384,20.9,392.689,12.33
20.4,0.63,0.0,8.14,0,0.538,5.949,61.8,4.707,4,307,21.0,396.898,8.26
20.5,0.093,0.0,25.65,0,0.581,5.961,92.9,2.087,2,188,19.1,378.09,17.93
20.6,0.043,28.0,15.04,0,0.464,6.249,77.3,3.615,4,270,18.2,396.898,10.59
20.9,0.128,12.5,6.07,0,0.409,5.885,33.0,6.498,4,345,18.9,396.898,8.79
21.0,0.08,0.0,5.96,0,0.499,5.85,41.5,3.934,5,279,19.2,396.898,8.77
21.0,1.002,0.0,8.14,0,0.538,6.674,87.3,4.239,4,307,21.0,380.229,11.98
21.2,0.132,0.0,10.01,0,0.547,6.176,72.5,2.73,6,432,17.8,393.299,12.04
21.4,0.095,0.0,12.83,0,0.437,6.286,45.0,4.503,5,398,18.7,383.229,8.94
21.4,0.169,0.0,25.65,0,0.581,5.986,88.4,1.993,2,188,19.1,385.02,14.81
21.7,0.094,12.5,7.87,0,0.524,5.889,39.0,5.451,5,311,15.2,390.5,15.71
21.7,0.108,0.0,8.56,0,0.52,6.195,54.4,2.778,5,384,20.9,393.488,13.0
21.7,0.159,0.0,10.81,0,0.413,5.961,17.5,5.287,4,305,19.2,376.939,9.88
22.0,0.058,12.5,6.07,0,0.409,5.878,21.4,6.498,4,345,18.9,396.209,8.1
22.9,0.088,12.5,7.87,0,0.524,6.012,66.6,5.56,5,311,15.2,395.6,12.43
23.1,1.054,0.0,8.14,0,0.538,5.935,29.3,4.499,4,307,21.0,386.85,6.58
23.4,0.05,21.0,5.64,0,0.439,5.998,21.4,6.815,4,243,16.8,396.898,8.43
23.5,0.036,80.0,3.37,0,0.398,6.29,17.8,6.611,4,337,16.1,396.898,4.67
23.6,0.057,0.0,3.41,0,0.489,7.007,86.3,3.422,2,270,17.8,396.898,5.5
23.9,0.051,0.0,4.49,0,0.449,6.389,48.0,4.779,3,247,18.5,396.898,9.62
24.2,0.088,0.0,10.81,0,0.413,6.417,6.6,5.287,4,305,19.2,383.729,6.72
24.7,0.021,85.0,0.74,0,0.41,6.383,35.7,9.188,2,313,17.3,396.898,5.77
24.7,0.159,0.0,6.91,0,0.448,6.211,6.5,5.721,3,233,17.9,394.459,7.44
24.8,0.037,25.0,4.86,0,0.426,6.302,32.2,5.401,4,281,19.0,396.898,6.72
26.5,0.114,0.0,8.56,0,0.52,6.781,71.3,2.856,5,384,20.9,395.578,7.67
27.5,0.149,0.0,8.56,0,0.52,6.727,79.9,2.778,5,384,20.9,394.76,9.42
28.4,0.122,0.0,2.89,0,0.445,6.625,57.8,3.495,2,276,18.0,357.979,6.65
28.7,0.03,0.0,2.18,0,0.458,6.43,58.7,6.062,3,222,18.7,394.119,5.21
31.6,0.014,100.0,1.32,0,0.411,6.816,40.5,8.325,5,256,15.1,392.898,3.95
33.0,0.02,17.5,1.38,0,0.416,7.104,59.5,9.223,3,216,18.6,393.238,8.05
33.2,0.069,0.0,2.89,0,0.445,7.416,62.5,3.495,2,276,18.0,396.898,6.19
33.4,0.032,0.0,2.18,0,0.458,6.998,45.8,6.062,3,222,18.7,394.629,2.94
34.7,0.027,0.0,7.07,0,0.469,7.185,61.1,4.967,2,242,17.8,392.828,4.03
38.7,0.121,0.0,2.89,0,0.445,8.069,76.0,3.495,2,276,18.0,396.898,4.21
43.8,0.082,0.0,2.89,0,0.445,7.82,36.9,3.495,2,276,18.0,393.529,3.57
11.8,2.78,0.0,19.58,0,0.871,4.903,97.8,1.346,5,403,14.7,396.898,29.29
13.1,2.447,0.0,19.58,0,0.871,5.272,94.0,1.736,5,403,14.7,88.63,16.14
13.4,3.321,0.0,19.58,1,0.871,5.403,100.0,1.322,5,403,14.7,396.898,26.82
14.0,0.291,0.0,21.89,0,0.624,6.174,93.6,1.612,4,437,21.2,388.078,24.16
15.4,2.734,0.0,19.58,0,0.871,5.597,94.9,1.526,5,403,14.7,351.85,21.45
15.6,0.976,0.0,21.89,0,0.624,5.757,98.4,2.346,4,437,21.2,262.76,17.31
15.6,3.535,0.0,19.58,1,0.871,6.152,82.6,1.745,5,403,14.7,88.01,15.02
15.6,4.097,0.0,19.58,0,0.871,5.468,100.0,1.412,5,403,14.7,396.898,26.42
15.7,0.387,0.0,25.65,0,0.581,5.613,95.6,1.757,2,188,19.1,359.289,27.26
16.2,0.259,0.0,21.89,0,0.624,5.693,96.0,1.788,4,437,21.2,392.109,17.19
17.0,1.414,0.0,19.58,1,0.871,6.129,96.0,1.749,5,403,14.7,321.02,15.12
17.8,0.545,0.0,21.89,0,0.624,6.151,97.9,1.669,4,437,21.2,396.898,18.46
18.0,0.325,0.0,21.89,0,0.624,6.431,98.8,1.812,4,437,21.2,396.898,15.39
18.5,0.191,22.0,5.86,0,0.431,5.605,70.2,7.955,7,330,19.1,389.129,18.46
19.2,0.34,0.0,21.89,0,0.624,6.458,98.9,2.118,4,437,21.2,395.039,12.6
19.4,2.149,0.0,19.58,0,0.871,5.709,98.5,1.623,5,403,14.7,261.949,15.79
19.6,1.496,0.0,19.58,0,0.871,5.404,100.0,1.592,5,403,14.7,341.6,13.28
20.5,0.197,22.0,5.86,0,0.431,6.226,79.2,8.055,7,330,19.1,376.139,10.15
21.5,0.111,0.0,13.89,1,0.55,5.951,93.8,2.889,5,276,16.4,396.898,17.92
22.2,0.103,30.0,4.93,0,0.428,6.358,52.9,7.035,6,300,16.6,372.75,11.22
22.4,0.217,0.0,10.59,1,0.489,5.807,53.8,3.653,4,277,18.6,390.939,16.03
22.6,0.084,0.0,4.05,0,0.51,5.859,68.7,2.702,5,296,16.6,393.229,9.64
23.3,0.093,30.0,4.93,0,0.428,6.606,42.2,6.19,6,300,16.6,383.779,7.37
23.3,1.425,0.0,19.58,0,0.871,6.51,100.0,1.766,5,403,14.7,364.309,7.39
23.7,0.082,30.0,4.93,0,0.428,6.481,18.5,6.19,6,300,16.6,379.408,6.36
23.7,0.128,30.0,4.93,0,0.428,6.393,7.8,7.035,6,300,16.6,374.709,5.19
23.8,1.8,0.0,19.58,0,0.605,5.877,79.2,2.426,5,403,14.7,227.609,12.14
24.1,0.034,82.5,2.03,0,0.415,6.162,38.4,6.27,2,348,14.7,393.77,7.43
24.3,0.34,22.0,5.86,0,0.431,6.108,34.9,8.055,7,330,19.1,390.18,9.16
24.3,0.537,0.0,6.2,0,0.504,5.981,68.1,3.671,8,307,17.4,378.35,11.65
24.4,0.23,0.0,10.59,0,0.489,6.326,52.5,4.355,4,277,18.6,394.869,10.97
24.6,0.054,0.0,4.05,0,0.51,6.315,73.4,3.317,5,296,16.6,395.6,6.29
24.8,0.214,22.0,5.86,0,0.431,6.438,8.9,7.397,7,330,19.1,377.068,3.59
25.1,0.521,0.0,6.2,1,0.507,6.631,76.5,4.148,8,307,17.4,388.449,9.54
26.2,0.191,22.0,5.86,0,0.431,6.718,17.5,7.826,7,330,19.1,393.738,6.56
26.7,0.358,0.0,6.2,1,0.507,6.951,88.5,2.862,8,307,17.4,391.699,9.71
27.0,1.273,0.0,19.58,1,0.605,6.25,92.6,1.798,5,403,14.7,338.92,5.5
28.7,0.07,0.0,13.89,0,0.55,6.642,85.1,3.421,5,276,16.4,392.779,9.69
29.0,0.448,0.0,6.2,1,0.507,6.726,66.5,3.652,8,307,17.4,360.199,8.05
29.1,0.014,60.0,2.93,0,0.401,6.604,18.8,6.22,1,265,15.6,376.699,4.38
29.6,0.06,0.0,2.46,0,0.488,6.153,68.8,3.28,3,193,17.8,387.109,13.15
29.8,0.126,45.0,3.44,0,0.437,6.556,29.1,4.567,5,398,15.2,382.84,4.56
29.9,0.066,0.0,4.05,0,0.51,6.86,74.4,2.915,5,296,16.6,391.27,6.92
30.1,0.615,0.0,6.2,0,0.507,6.618,80.8,3.272,8,307,17.4,396.898,7.6
30.5,0.069,45.0,3.44,0,0.437,6.739,30.8,6.48,5,398,15.2,389.709,4.69
31.1,0.022,60.0,2.93,0,0.401,6.8,9.9,6.22,1,265,15.6,393.369,5.03
31.5,0.442,0.0,6.2,0,0.504,6.552,21.4,3.375,8,307,17.4,380.34,3.76
31.5,0.512,0.0,6.2,0,0.507,7.358,71.6,4.148,8,307,17.4,390.068,4.73
31.7,0.463,0.0,6.2,0,0.504,7.412,76.9,3.671,8,307,17.4,376.139,5.25
32.0,0.079,45.0,3.44,0,0.437,6.782,41.1,3.789,5,398,15.2,393.869,6.68
32.5,0.1,0.0,2.46,0,0.488,6.563,95.6,2.847,3,193,17.8,396.898,5.68
33.3,0.04,80.0,1.52,0,0.404,7.287,34.1,7.309,2,329,12.6,396.898,4.08
34.6,0.038,80.0,1.52,0,0.404,7.274,38.3,7.309,2,329,12.6,392.199,6.62
34.9,0.031,95.0,1.47,0,0.403,6.975,15.3,7.653,3,402,17.0,396.898,4.56
34.9,0.084,45.0,3.44,0,0.437,7.185,38.9,4.567,5,398,15.2,396.898,5.39
36.2,0.069,0.0,2.46,0,0.488,6.144,62.2,2.598,3,193,17.8,396.898,9.45
36.4,0.087,45.0,3.44,0,0.437,7.178,26.3,6.48,5,398,15.2,390.488,2.87
37.0,0.091,45.0,3.44,0,0.437,6.951,21.5,6.48,5,398,15.2,377.68,5.1
37.2,0.058,0.0,2.46,0,0.488,6.98,58.4,2.829,3,193,17.8,396.898,5.04
39.8,0.066,0.0,2.46,0,0.488,7.765,83.3,2.741,3,193,17.8,395.559,7.56
41.3,1.224,0.0,19.58,0,0.605,6.943,97.4,1.877,5,403,14.7,363.43,4.59
41.7,0.575,0.0,6.2,0,0.507,8.337,73.3,3.838,8,307,17.4,385.908,2.47
42.3,0.022,82.5,2.03,0,0.415,7.61,15.7,6.27,2,348,14.7,395.379,3.11
44.8,0.315,0.0,6.2,0,0.504,8.266,78.3,2.894,8,307,17.4,385.049,4.14
48.5,0.035,95.0,2.68,0,0.416,7.853,33.2,5.118,4,224,14.7,392.779,3.81
50.0,0.014,80.0,0.46,0,0.422,7.875,32.0,5.648,4,255,14.4,394.229,2.97
50.0,0.02,95.0,2.68,0,0.416,8.034,31.9,5.118,4,224,14.7,390.549,2.88
50.0,0.527,0.0,6.2,0,0.504,8.725,83.0,2.894,8,307,17.4,382.0,4.63
50.0,1.463,0.0,19.58,0,0.605,7.489,90.8,1.971,5,403,14.7,374.43,1.73
50.0,1.834,0.0,19.58,1,0.605,7.802,98.2,2.041,5,403,14.7,389.609,1.92
50.0,2.01,0.0,19.58,0,0.605,7.929,96.2,2.046,5,403,14.7,369.299,3.7
13.8,11.108,0.0,18.1,0,0.668,4.906,100.0,1.174,24,666,20.2,396.898,34.77
13.9,15.288,0.0,18.1,0,0.671,6.649,93.3,1.345,24,666,20.2,363.02,23.24
16.1,2.635,0.0,9.9,0,0.544,4.973,37.8,2.519,4,304,18.4,350.449,12.64
16.8,4.222,0.0,18.1,1,0.77,5.803,89.0,1.905,24,666,20.2,353.039,14.64
17.1,0.05,35.0,6.06,0,0.438,5.706,28.4,6.641,1,304,16.9,394.02,12.43
17.2,0.062,0.0,4.39,0,0.442,5.898,52.3,8.014,3,352,18.8,364.609,12.67
17.5,0.031,0.0,4.39,0,0.442,6.014,48.5,8.014,3,352,18.8,385.639,10.53
17.8,8.983,0.0,18.1,1,0.77,6.212,97.4,2.122,24,666,20.2,377.729,17.6
18.5,0.03,0.0,5.19,0,0.515,5.895,59.6,5.615,5,224,20.2,394.809,10.56
18.5,0.284,0.0,7.38,0,0.493,5.708,74.3,4.721,5,287,19.6,391.129,11.74
18.7,0.062,0.0,5.19,0,0.515,5.968,58.5,4.812,5,224,20.2,396.898,9.29
19.4,0.035,35.0,6.06,0,0.438,6.031,23.3,6.641,1,304,16.9,362.25,7.83
19.8,0.245,0.0,9.9,0,0.544,5.782,71.7,4.032,4,304,18.4,396.898,15.94
20.6,0.033,0.0,5.19,0,0.515,6.059,37.3,4.812,5,224,20.2,396.139,8.51
20.7,0.037,0.0,5.19,0,0.515,6.31,38.5,6.458,5,224,20.2,389.398,6.75
20.8,3.678,0.0,18.1,0,0.77,5.362,96.2,2.104,24,666,20.2,380.789,10.19
20.9,0.035,80.0,3.64,0,0.392,5.876,19.1,9.22,1,315,16.4,395.18,9.25
21.1,0.04,0.0,5.19,0,0.515,6.037,34.5,5.985,5,224,20.2,396.898,8.01
21.1,0.299,20.0,6.96,0,0.464,5.856,42.1,4.429,3,223,18.6,388.648,13.0
22.0,0.035,34.0,6.09,0,0.433,6.59,40.4,5.492,7,329,16.1,395.75,9.5
22.2,0.051,0.0,5.19,0,0.515,6.316,38.1,6.458,5,224,20.2,389.709,5.68
22.5,0.065,70.0,2.24,0,0.4,6.345,20.1,7.828,5,358,14.8,368.238,4.97
22.6,0.067,0.0,3.24,0,0.46,6.333,17.2,5.215,4,430,16.9,375.209,7.34
22.7,5.202,0.0,18.1,1,0.77,6.127,83.4,2.723,24,666,20.2,395.43,11.48
23.0,0.303,0.0,7.38,0,0.493,6.312,28.9,5.416,5,287,19.6,396.898,6.15
23.1,0.019,85.0,4.15,0,0.429,6.516,27.7,8.535,4,351,17.9,392.43,6.36
23.8,0.168,0.0,7.38,0,0.493,6.426,52.3,4.54,5,287,19.6,396.898,7.2
23.9,0.025,55.0,3.78,0,0.484,6.696,56.4,5.732,5,370,17.6,396.898,7.18
23.9,0.083,0.0,13.92,0,0.437,6.127,18.4,5.503,4,289,16.0,396.898,8.58
24.1,0.079,60.0,1.69,0,0.411,6.579,35.9,10.71,4,411,18.3,370.779,5.49
24.8,0.043,52.5,5.32,0,0.405,6.565,22.9,7.317,6,293,16.6,371.719,9.51
24.8,0.044,70.0,2.24,0,0.4,6.871,47.4,7.828,5,358,14.8,390.859,6.07
25.2,0.162,20.0,6.96,0,0.464,6.24,16.3,4.429,3,223,18.6,396.898,6.59
26.6,0.029,40.0,1.25,0,0.429,6.939,34.5,8.792,1,335,19.7,389.85,5.89
27.5,4.556,0.0,18.1,0,0.718,3.561,87.9,1.613,24,666,20.2,354.699,7.12
27.9,0.036,80.0,4.95,0,0.411,6.63,23.4,5.117,4,245,19.2,396.898,4.7
28.2,0.049,33.0,2.18,0,0.472,6.849,70.3,3.183,7,222,18.4,396.898,7.53
28.5,0.035,80.0,4.95,0,0.411,6.861,27.9,5.117,4,245,19.2,396.898,3.33
29.0,0.056,70.0,2.24,0,0.4,7.041,10.0,7.828,5,358,14.8,371.578,4.74
29.1,0.08,40.0,6.41,0,0.447,6.482,32.1,4.14,4,254,17.6,396.898,7.19
29.6,0.082,22.0,5.86,0,0.431,6.957,6.8,8.907,7,330,19.1,386.09,3.53
30.1,0.017,90.0,2.02,0,0.41,6.728,36.1,12.126,5,187,17.0,384.459,4.5
30.1,0.657,20.0,3.97,0,0.647,6.842,100.0,2.011,5,264,13.0,391.93,6.9
31.0,0.825,20.0,3.97,0,0.647,7.327,94.5,2.079,5,264,13.0,393.42,11.25
31.2,0.03,55.0,3.78,0,0.484,6.874,28.1,6.465,5,370,17.6,387.969,4.61
32.2,0.009,90.0,2.97,0,0.4,7.088,20.8,7.307,1,285,15.3,394.719,7.85
32.4,0.056,40.0,6.41,1,0.447,6.758,32.9,4.078,4,254,17.6,396.898,3.53
32.7,0.013,35.0,1.52,0,0.442,7.241,49.3,7.038,1,284,15.5,394.738,5.49
33.2,0.105,40.0,6.41,1,0.447,7.267,49.0,4.787,4,254,17.6,389.25,6.05
33.4,0.075,33.0,2.18,0,0.472,7.42,71.9,3.099,7,222,18.4,396.898,6.47
33.8,0.54,20.0,3.97,0,0.647,7.203,81.8,2.112,5,264,13.0,392.799,9.59
35.1,0.21,20.0,3.33,0,0.443,6.812,32.2,4.101,5,216,14.9,396.898,4.85
35.4,0.037,20.0,3.33,0,0.443,6.968,37.2,5.245,5,216,14.9,392.229,4.59
36.0,0.664,20.0,3.97,0,0.647,7.333,100.0,1.895,5,264,13.0,383.289,7.79
36.1,0.055,33.0,2.18,0,0.472,7.236,41.1,4.022,7,222,18.4,393.68,6.93
36.5,0.55,20.0,3.97,0,0.647,7.206,91.6,1.93,5,264,13.0,387.889,8.1
37.3,0.079,80.0,4.95,0,0.411,7.148,27.7,5.117,4,245,19.2,396.898,3.56
42.8,0.369,22.0,5.86,0,0.431,8.259,8.4,8.907,7,330,19.1,396.898,3.54
43.1,0.534,20.0,3.97,0,0.647,7.52,89.4,2.14,5,264,13.0,388.369,7.26
43.5,0.54,20.0,3.97,0,0.575,7.47,52.6,2.872,5,264,13.0,390.299,3.16
45.4,0.036,20.0,3.33,0,0.443,7.82,64.5,4.695,5,216,14.9,387.309,3.76
46.0,0.061,20.0,3.33,1,0.443,7.645,49.7,5.212,5,216,14.9,377.068,3.01
48.8,0.52,20.0,3.97,0,0.647,8.398,91.5,2.288,5,264,13.0,386.859,5.91
50.0,0.015,90.0,1.21,1,0.401,7.923,24.8,5.885,1,198,13.6,395.52,3.16
50.0,0.578,20.0,3.97,0,0.575,8.297,67.0,2.422,5,264,13.0,384.539,7.44
50.0,4.898,0.0,18.1,0,0.631,4.97,100.0,1.332,24,666,20.2,375.52,3.26
50.0,8.267,0.0,18.1,1,0.668,5.875,89.6,1.13,24,666,20.2,347.879,8.88
50.0,9.232,0.0,18.1,0,0.631,6.216,100.0,1.169,24,666,20.2,366.148,9.53
5.0,67.92,0.0,18.1,0,0.693,5.683,100.0,1.425,24,666,20.2,384.969,22.98
5.6,25.046,0.0,18.1,0,0.693,5.987,100.0,1.589,24,666,20.2,396.898,26.77
6.3,9.917,0.0,18.1,0,0.693,5.852,77.8,1.5,24,666,20.2,338.158,29.97
7.0,0.183,0.0,27.74,0,0.609,5.414,98.3,1.755,4,711,20.1,344.049,23.97
7.0,45.746,0.0,18.1,0,0.693,4.519,100.0,1.658,24,666,20.2,88.27,36.98
7.2,14.236,0.0,18.1,0,0.693,6.343,100.0,1.574,24,666,20.2,396.898,20.32
7.2,18.085,0.0,18.1,0,0.679,6.434,100.0,1.835,24,666,20.2,27.25,29.05
7.4,22.597,0.0,18.1,0,0.7,5.0,89.5,1.518,24,666,20.2,396.898,31.99
7.5,10.834,0.0,18.1,0,0.679,6.782,90.8,1.819,24,666,20.2,21.57,25.79
8.1,0.207,0.0,27.74,0,0.609,5.093,98.0,1.823,4,711,20.1,318.43,29.68
8.3,15.86,0.0,18.1,0,0.679,5.896,95.4,1.91,24,666,20.2,7.68,24.39
8.4,11.812,0.0,18.1,0,0.718,6.824,76.5,1.794,24,666,20.2,48.45,22.74
8.4,13.678,0.0,18.1,0,0.74,5.935,87.9,1.821,24,666,20.2,68.95,34.02
8.5,7.672,0.0,18.1,0,0.693,5.747,98.9,1.633,24,666,20.2,393.1,19.92
8.5,41.529,0.0,18.1,0,0.693,5.531,85.4,1.607,24,666,20.2,329.459,27.38
8.7,15.177,0.0,18.1,0,0.74,6.152,100.0,1.914,24,666,20.2,9.32,26.45
8.8,20.085,0.0,18.1,0,0.7,4.368,91.2,1.439,24,666,20.2,285.828,30.63
8.8,73.534,0.0,18.1,0,0.679,5.957,100.0,1.803,24,666,20.2,16.45,20.62
9.6,14.421,0.0,18.1,0,0.74,6.461,93.3,2.003,24,666,20.2,27.49,18.05
9.7,11.578,0.0,18.1,0,0.7,5.036,97.0,1.77,24,666,20.2,396.898,25.68
10.2,12.247,0.0,18.1,0,0.584,5.837,59.7,1.998,24,666,20.2,24.65,15.69
10.2,14.334,0.0,18.1,0,0.7,4.88,100.0,1.589,24,666,20.2,372.92,30.62
10.2,17.867,0.0,18.1,0,0.671,6.223,100.0,1.386,24,666,20.2,393.738,21.78
10.4,88.976,0.0,18.1,0,0.671,6.968,91.9,1.416,24,666,20.2,396.898,17.21
10.5,22.051,0.0,18.1,0,0.74,5.818,92.4,1.866,24,666,20.2,391.449,22.11
10.5,24.394,0.0,18.1,0,0.7,4.652,100.0,1.467,24,666,20.2,396.898,28.28
10.8,12.802,0.0,18.1,0,0.74,5.854,96.6,1.896,24,666,20.2,240.52,23.79
10.9,37.662,0.0,18.1,0,0.679,6.202,78.7,1.863,24,666,20.2,18.82,14.52
11.0,7.367,0.0,18.1,0,0.679,6.193,78.1,1.936,24,666,20.2,96.73,21.52
11.3,9.187,0.0,18.1,0,0.7,5.536,100.0,1.58,24,666,20.2,396.898,23.6
11.5,8.152,0.0,18.1,0,0.7,5.39,98.9,1.728,24,666,20.2,396.898,20.85
11.7,8.792,0.0,18.1,0,0.584,5.565,70.6,2.063,24,666,20.2,3.65,17.16
11.7,13.913,0.0,18.1,0,0.713,6.208,95.0,2.222,24,666,20.2,100.63,15.17
11.8,10.672,0.0,18.1,0,0.74,6.459,94.8,1.988,24,666,20.2,43.06,23.98
11.9,0.047,0.0,11.93,0,0.573,6.03,80.8,2.505,1,273,21.0,396.898,7.88
11.9,20.716,0.0,18.1,0,0.659,4.138,100.0,1.178,24,666,20.2,370.219,23.34
12.0,15.023,0.0,18.1,0,0.614,5.304,97.3,2.101,24,666,20.2,349.479,24.91
12.1,9.596,0.0,18.1,0,0.693,6.404,100.0,1.639,24,666,20.2,376.109,20.31
12.3,7.992,0.0,18.1,0,0.7,5.52,100.0,1.533,24,666,20.2,396.898,24.56
12.5,5.872,0.0,18.1,0,0.693,6.405,96.0,1.677,24,666,20.2,396.898,19.37
12.7,4.669,0.0,18.1,0,0.713,5.976,87.9,2.581,24,666,20.2,10.48,19.01
12.7,13.36,0.0,18.1,0,0.693,5.887,94.7,1.782,24,666,20.2,396.898,16.35
12.8,9.391,0.0,18.1,0,0.74,5.627,93.9,1.817,24,666,20.2,396.898,22.88
13.1,8.717,0.0,18.1,0,0.693,6.471,98.8,1.726,24,666,20.2,391.979,17.12
13.1,23.648,0.0,18.1,0,0.671,6.38,96.2,1.386,24,666,20.2,396.898,23.69
13.3,6.393,0.0,18.1,0,0.584,6.162,97.4,2.206,24,666,20.2,302.76,24.1
13.4,6.718,0.0,18.1,0,0.713,6.749,92.6,2.324,24,666,20.2,0.32,17.44
13.5,8.201,0.0,18.1,0,0.713,5.936,80.3,2.779,24,666,20.2,3.5,16.94
13.8,8.056,0.0,18.1,0,0.584,5.427,95.4,2.43,24,666,20.2,352.578,18.14
14.3,5.581,0.0,18.1,0,0.713,6.436,87.9,2.316,24,666,20.2,100.19,16.22
14.6,10.233,0.0,18.1,0,0.614,6.185,96.7,2.17,24,666,20.2,379.699,18.03
14.9,7.752,0.0,18.1,0,0.713,6.301,83.7,2.783,24,666,20.2,272.209,16.23
14.9,9.514,0.0,18.1,0,0.713,6.728,94.1,2.496,24,666,20.2,6.68,18.71
15.0,51.136,0.0,18.1,0,0.597,5.757,100.0,1.413,24,666,20.2,2.6,10.11
15.1,6.962,0.0,18.1,0,0.7,5.713,97.0,1.926,24,666,20.2,394.43,17.11
15.2,5.441,0.0,18.1,0,0.713,6.655,98.2,2.355,24,666,20.2,355.289,17.73
16.7,11.087,0.0,18.1,0,0.718,6.411,100.0,1.859,24,666,20.2,318.75,15.02
16.8,0.224,0.0,9.69,0,0.585,6.027,79.7,2.498,6,391,19.2,396.898,14.33
17.2,14.051,0.0,18.1,0,0.597,6.657,100.0,1.527,24,666,20.2,35.05,21.22
17.5,0.178,0.0,9.69,0,0.585,5.569,73.5,2.4,6,391,19.2,395.77,15.1
17.7,3.693,0.0,18.1,0,0.713,6.376,88.4,2.567,24,666,20.2,391.43,14.65
17.9,18.811,0.0,18.1,0,0.597,4.628,100.0,1.554,24,666,20.2,28.79,34.37
18.4,5.666,0.0,18.1,0,0.74,6.219,100.0,2.005,24,666,20.2,395.689,16.59
19.1,5.692,0.0,18.1,0,0.583,6.114,79.8,3.546,24,666,20.2,392.68,14.98
19.6,4.038,0.0,18.1,0,0.532,6.229,90.7,3.099,24,666,20.2,395.328,12.87
19.9,4.349,0.0,18.1,0,0.58,6.167,84.0,3.033,24,666,20.2,396.898,16.29
20.2,5.821,0.0,18.1,0,0.713,6.513,89.9,2.802,24,666,20.2,393.818,10.29
20.6,0.045,0.0,11.93,0,0.573,6.12,76.7,2.287,1,273,21.0,396.898,9.08
20.6,2.379,0.0,18.1,0,0.583,5.871,41.9,3.724,24,666,20.2,370.729,13.34
20.6,4.836,0.0,18.1,0,0.583,5.905,53.2,3.152,24,666,20.2,388.219,11.45
21.2,3.674,0.0,18.1,0,0.583,6.312,51.9,3.992,24,666,20.2,388.619,10.58
21.8,0.173,0.0,9.69,0,0.585,5.707,54.0,2.382,6,391,19.2,396.898,12.01
22.0,0.11,0.0,11.93,0,0.573,6.794,89.3,2.389,1,273,21.0,393.449,6.48
22.4,0.063,0.0,11.93,0,0.573,6.593,69.1,2.479,1,273,21.0,391.988,9.67
23.0,5.824,0.0,18.1,0,0.532,6.242,64.7,3.424,24,666,20.2,396.898,10.74
23.1,0.179,0.0,9.69,0,0.585,5.67,28.8,2.799,6,391,19.2,393.289,17.6
23.9,0.061,0.0,11.93,0,0.573,6.976,91.0,2.167,1,273,21.0,396.898,5.64
25.0,5.731,0.0,18.1,0,0.532,7.061,77.0,3.411,24,666,20.2,395.279,7.01
27.5,14.438,0.0,18.1,0,0.597,6.852,100.0,1.465,24,666,20.2,179.359,19.78
10.25,53.20295316695565,0.0,18.1,0,0.6953668457434937,5.334397434065416,100.0,1.4392010744609627,24,666,20.2,389.0024432677339,24.772040348645294
7.230379746835443,22.723534404090003,0.0,18.1,0,0.6858828189009584,6.06334794269881,100.0,1.523327828949752,24,666,20.2,395.87571398759223,25.155693923444648
7.236486486486486,33.30748358078754,0.0,18.1,0,0.693,5.61448433413157,83.42342386479771,1.5791718886228099,24,666,20.2,331.72139944738484,28.05359634081236
11.05,0.20331181420658942,0.0,27.74,0,0.609,5.142329484986866,98.04610232241764,1.8125501402520032,4,711,20.1,322.3669846600577,28.802519129984404
12.85,30.052267983591307,0.0,18.1,0,0.7028600395918755,5.351680343533889,97.53499010203112,1.93605311649089,24,666,20.2,94.36350446777908,26.22762682505973
8.795675675675676,9.523954858905528,0.0,18.1,0,0.6995328413522799,5.589856718387158,100.0,1.5795995783019543,24,666,20.2,396.898,23.381102805068306
7.350570342205323,18.04730763493556,0.0,18.1,0,0.679,6.435808984008058,99.95217628484446,1.8349168283214685,24,666,20.2,27.220474054121357,29.03305377049923
8.949823908751908,22.20498053900202,0.0,18.1,0,0.7287193744320863,5.587311207136166,91.58215464632626,1.7678585575591512,24,666,20.2,392.98570321798906,24.896314515274675
8.055555555555555,11.73692068435065,0.0,18.1,0,0.6916820542816924,6.6510214065989155,92.71270326871425,1.8387507402747667,24,666,20.2,19.023194017201135,25.927215669277327
8.11857774843852,0.19470015373174795,0.0,27.767644571290027,0,0.6102859885083702,5.129021488769854,98.10475861726503,1.8071713734596124,4,711,20.099677117756297,319.26223938811444,29.8027278383356
12.65,15.395771961042254,0.0,18.1,0,0.7204610693651867,6.07000055340144,98.52657244393211,1.9127187586468974,24,666,20.2,8.79469104522797,25.790160703152207
13.2,14.129391363436241,0.0,18.1,0,0.7375410540420074,6.501572608306878,91.4222594502602,1.9796400133990706,24,666,20.2,29.83270487634203,18.574202570135693
9.77910447761194,13.872437465389721,0.0,18.1,0,0.7176603763169257,6.160878417239973,93.77449363517879,2.1527847813671395,24,666,20.2,95.16182512147378,18.423633095335205
8.525915005657543,41.776651857895736,0.0,18.05287991862607,0,0.6932187996971659,5.528911065165128,85.2483206593755,1.5946287074598964,23,666,20.19630360601311,330.33545585891915,27.51344308961993
10.119047619047619,7.241231898471098,0.0,18.1,0,0.693,5.904469672670009,98.20598472531455,1.643529886926262,24,666,20.2,394.008920694226,19.788376413421727
12.45,12.034549517930152,0.0,18.1,0,0.695862427030564,6.607847065094176,93.34318571608506,1.8452611568508783,24,666,20.2,18.183692932386744,25.9724459318061
8.78777780341204,19.891482174277108,0.0,18.06906657034552,0,0.6996232108206271,4.377840584089375,91.3100077982097,1.4442941649688366,24,667,20.182989619878846,283.59589346253,30.83170246370242
9.182608695652174,44.45663383180768,0.0,18.1,0,0.7090055713000479,6.204914884184002,96.70430610310949,1.901378922295239,24,666,20.2,21.880516510697195,19.35583084850618
8.22857142857143,15.666293409134433,0.0,18.1,0,0.7192677680247815,6.451823438306051,95.57714679072072,1.9459013939043166,24,666,20.2,27.40843056272045,21.788599208645948
11.036444444444443,10.619885902205187,0.0,18.1,0,0.7175238060867821,5.294914234932206,95.6419050282744,1.790590472151969,24,666,20.2,396.898,24.45333357392525
10.347826086956522,20.430890001584668,0.0,18.1,0,0.7132821247871276,5.974822311032076,95.34283842924391,1.6801365202582792,24,666,20.2,392.33533646901833,21.982218857677566
10.538388625592416,17.977115731861886,0.0,18.1,0,0.6054188862690096,5.919293615665142,63.983777253801925,1.9675626353019338,24,666,20.2,23.335556768964988,15.426209505950093
10.347826086956522,16.591265770103494,0.0,18.1,0,0.7117002242845846,5.1543702594735095,97.77695738592892,1.6700240531707486,24,666,20.2,378.3398363942267,28.130777283454616
10.439988131878742,89.19335940616648,0.0,18.13598201759667,0,0.6724814201252035,6.944201875663488,91.96348158958757,1.420550790845532,24,665,20.201656973563132,396.0841275960586,17.20022995438639
8.681564245810057,22.24803429152791,0.0,18.1,0,0.7255652533679184,5.522809431373932,91.35348086917409,1.7404177043008906,24,666,20.2,393.4153733599553,25.675382418124144
11.65677966101695,24.220676740769914,0.0,18.1,0,0.6932622325500369,5.05347800529435,99.11712012724622,1.4481807185018274,24,666,20.2,396.898,27.213574048436886
10.821716255130587,13.014726672023315,0.0,18.031738966093137,0,0.7399312155459367,5.873633647544056,96.49017778769023,1.8879093010114134,24,665,20.200297675087416,242.48027202441287,23.780592963664194
10.208780487804878,36.25749663991861,0.0,18.1,0,0.6826863605251481,6.21765192419694,79.58230924044527,1.8714604995659134,24,666,20.2,19.34394665168907,14.733325453340532
11.33920704845815,12.962008112250029,0.0,18.1,0,0.7080605370938743,6.205820825188474,92.54479637901397,2.1804504002602365,24,666,20.2,100.06341454900323,16.092517336879364
12.003319502074689,9.188360324048121,0.0,18.1,0,0.7002667302055141,5.536606811217545,99.95932364365909,1.5815803764676712,24,666,20.2,396.898,23.595198856300748
11.399122807017545,8.921264876221592,0.0,18.1,0,0.7,5.498514658867973,99.71757619695049,1.6179988389557531,24,666,20.2,396.898,22.893940492376213
9.710999999999999,9.235847352020537,0.0,18.1,0,0.5899656902153297,5.585785720644991,72.15735912989662,2.0533920989163637,24,666,20.2,3.9030708586082006,17.614020423756152
8.759358288770054,42.206367519422145,0.0,18.1,0,0.69522387615404,4.706806341208683,99.44403096148999,1.7207133075439294,24,666,20.2,89.64435546319675,34.554863054019314
11.849789029535867,2.4347102835077976,0.0,18.61349201201414,0,0.8333504077882633,5.045386209471903,95.65220447114254,1.492429118702694,4,386,15.495947754811882,396.898,26.585041042774222
16.0,11.334551211805698,0.0,18.1,0,0.727213923982697,6.671132624832526,84.164309494698,1.8752500569383286,24,666,20.2,46.19258862423922,23.259330260842923
18.25,0.8458145839717304,0.0,9.137096611390353,0,0.5472080162001748,5.796398318155869,90.60095384393358,3.7783870858885145,3,298,21.0,369.83262911428625,18.727371472383645
10.984615384615385,17.903360880379353,0.0,18.1,0,0.6708468478186901,6.196389808497386,100.0,1.3833453621906264,24,666,20.2,393.43783448731415,21.799909783570303
12.049792531120332,12.041501963328816,0.0,18.1,0,0.6574012059880272,5.908320589706708,98.78333235655283,1.8471853523231827,24,666,20.2,364.1090520944451,22.382841170317405
18.65,9.082037134484732,0.0,18.1,0,0.693,6.443175781558047,99.29834421090065,1.6898700447097021,24,666,20.2,385.3883978108388,18.44476502731092
12.545019920318724,8.573720159253243,0.0,18.1,0,0.7166324563045959,5.564491820614794,97.46355041354911,1.6510904397626314,24,666,20.2,396.898,23.86143683520697
11.869747899159664,5.997542262145099,0.0,18.1,0,0.6932650967828101,6.372090127962567,96.15148387589153,1.6733265160096307,24,666,20.2,396.898,19.530194198755286
12.896899224806202,8.76739676432018,0.0,18.1,0,0.693,6.464661057427744,98.75549714974957,1.7266078438082986,24,666,20.2,392.0323925659468,17.111642147635898
12.896899224806202,1.1421873916763083,0.0,8.14,0,0.538,5.706607204756395,94.57945964327035,3.995401110112689,4,307,21.0,359.4241738882461,20.335885017889975
17.049999999999997,10.845119150894895,0.0,18.1,0,0.7288693583054969,6.079444705991388,95.01182353690791,2.188968074453093,24,666,20.2,9.798205346874946,23.38288984418139
12.64822134387352,7.885295293053954,0.0,18.1,0,0.7198897069546848,5.959889531686281,94.7985450084077,1.7570969994394867,24,666,20.2,396.898,21.378146200232845
18.75,8.859853552992695,0.0,18.1,0,0.6951276061084017,6.186812612663471,99.16473247572603,1.6816242154533334,24,666,20.2,393.4740992067469,19.089555368920543
7.845989304812832,24.70668408770986,0.0,18.1,0,0.6876602646134599,6.082387091223193,99.07768206959761,1.5397288052969254,24,666,20.2,396.898,26.022437045884388
13.149809885931557,2.1076664865862424,0.0,15.91430085604024,0,0.7642973937990735,5.489250351364049,90.15486103780445,2.4582452683990645,4,372,16.718697955152663,134.7620546989411,19.84735481605021
13.126975417754858,1.6343573118330403,0.0,8.153551027247511,0,0.5367874410414365,5.694778387150586,94.69394054428287,3.7994067718859927,3,304,20.988500191761524,362.829839427691,18.445799024853486
19.1,2.0076394364505368,0.0,13.232439046691194,0,0.6862327100129517,5.483934992842161,89.03326371833224,2.81304118536263,4,349,18.195597378133346,305.7361495186425,28.413326371833225
8.3953216374269,20.963963430008576,0.0,18.1,0,0.7,5.005335267857309,90.61151413693943,1.5553468750011652,24,666,20.2,396.898,31.054846106121616
6.753246753246754,71.82532822023148,0.0,18.1,0,0.6889195848762779,5.9213333379083135,98.49766534081141,1.4233307392675683,24,666,20.2,387.181512364131,21.909818397096522
9.430693069306932,9.129177433949927,0.0,18.1,0,0.6884021033650775,6.559114843757282,89.99805588944928,2.0297177283585004,24,666,20.2,18.503255108273265,23.91510997602279
7.346938775510203,14.206215427895465,0.0,18.1,0,0.679,6.620155982773738,95.07863493816554,1.826441104240288,24,666,20.2,24.2115920053022,27.306124988958658
11.069058295964124,9.942653339782431,0.0,18.1,0,0.6935121514095561,6.292497321690919,100.0,1.6353417756460276,24,666,20.2,375.8756784507036,21.064325861789122
12.580158730158729,9.078217104405498,0.0,18.1,0,0.693,6.443466955636896,99.29312915277201,1.6902481364240292,24,666,20.2,385.45736695459016,18.430901664452264
8.468745989357654,41.308636167155534,0.0,18.09680443896344,0,0.6927298223248487,5.524430755677615,85.58949697501996,1.619131808932856,24,662,20.15465713618254,328.69817419382105,27.38183399218341
11.749787234042552,13.70006743583691,0.0,18.1,0,0.7147738905376129,6.224490612034846,94.98686007009175,2.2066262820073548,24,666,20.2,96.84767117591204,15.748813912458136
10.55,19.8654126024581,0.0,18.1,0,0.693,5.750980120037042,80.1917479368177,1.5336732933209862,24,666,20.2,335.42039272337144,29.154917479426594
11.778813559322035,8.42898508268042,0.0,18.1,0,0.7,5.525850846295302,100.0,1.5501868609924516,24,666,20.2,396.898,24.208949222281838
9.710999999999999,12.796211349533136,0.0,18.1,0,0.6378200450206066,5.7525203673875875,84.64986438432679,1.9763214011773387,24,666,20.2,5.933102962453104,21.255988689463013
9.292610837438424,18.740015846100125,0.0,18.1,0,0.682472126156587,6.36070596964574,98.18154906341049,1.4840345326108348,24,666,20.2,396.898,21.932678856922802
16.9,10.566977542090726,0.0,18.1,0,0.738061612728452,6.45054736042243,94.26932676336311,1.9863476042931068,24,666,20.2,44.76546303055699,23.901828972327742
6.774193548387096,36.63937767616841,0.0,18.1,0,0.7250519141298063,5.77506400867072,94.81713728964834,1.7257424283243528,24,666,20.2,389.3880724161946,22.38669861078869
12.05,11.827207487248806,0.0,18.1,0,0.6993436973623997,5.158541078191944,97.28127255897157,1.751623526147191,24,666,20.2,396.898,25.17745969463747
14.25,59.750603903107255,0.0,18.1,0,0.679,6.051138382129202,91.81572432917552,1.8260542976642942,24,666,20.2,17.360644757739625,18.27614640413008
11.807521382490492,2.5177801332777707,0.0,19.74338264315757,0,0.871187237947863,4.901693805395963,97.8765020989605,1.3513496153256932,5,403,14.684716066246846,394.89153884822207,29.375994408862518
15.6,18.127333003164622,0.0,18.1,0,0.6721566810313734,6.160339796541808,100.0,1.3892307297772841,24,666,20.2,393.8640383468669,22.039256093238862
18.45,0.9550739106699921,0.0,8.815429754353602,0,0.5442374779425795,5.759632292660246,92.46936609186777,3.55853009364609,3,300,21.0,365.5649302569905,16.48410302689124
10.039047619047619,13.103425162205285,0.0,18.1,0,0.6873749034478617,5.915705655171439,93.55259482767757,2.075281182750447,24,666,20.2,8.369697931000376,23.06479468972071
11.036444444444443,10.729604508556996,0.0,18.1,0,0.7155170643153727,5.265264625259632,95.79742751555861,1.788232550570563,24,666,20.2,396.898,24.59380549792391
9.212903225806452,11.826306162752886,0.0,18.1,0,0.7135930441175016,6.791539810029657,75.94748612816437,1.800709097015147,24,666,20.2,47.66727201489953,22.508141500211835
9.813861386138614,13.052429265591982,0.0,18.1,0,0.74,6.044048258426414,89.3359408075234,1.8557539296893344,24,666,20.2,63.56210036133613,31.93060207137176
10.326168224299064,6.894681565377814,0.0,18.1,0,0.7187188239689,6.013278259945422,90.46288037124778,2.439723867138656,24,666,20.2,10.234302377632446,20.585853715874663
8.142807192977871,0.0,0.0,27.66620263983371,0,0.6098997421463273,5.095514547522407,97.7395118799047,1.8108770605993951,4,711,20.085060321318753,321.46442259347606,29.71446346526899
10.052884615384615,7.716167101685231,0.0,18.1,0,0.6939661553493643,5.715668962242038,99.05182441204299,1.619197780723365,24,666,20.2,393.6242082881266,20.560422974435866
11.979166666666668,7.369338843036752,0.0,18.1,0,0.6975970929391478,5.7384215238235505,97.90450993193272,1.7104931056995063,24,666,20.2,396.898,20.34195679284842
12.4608,2.320624174066487,0.0,15.804669936293545,0,0.7611062140546985,5.24852190355775,92.58582036655926,2.21855006017831,4,371,16.77907162599219,342.6777920623389,28.768582036655925
15.75,22.428388504583793,0.0,18.1,0,0.7335571744842715,5.630191636216516,93.62413684798841,1.801732815480609,24,666,20.2,392.3266739058801,23.10380583580111
12.79296875,6.528831027156966,0.0,18.1,0,0.693,6.420237556341779,96.64644178419667,1.6883127312234416,24,666,20.2,395.76234030840595,18.850537851984825
13.132179220713551,2.4925691284934257,0.0,19.46894225178897,0,0.8719191078858252,5.271008310882917,94.18839015356525,1.7105828986287464,5,403,14.67668176515498,87.35519592261976,16.394454641660896
9.813861386138614,11.201303242785611,0.0,18.1,0,0.729785376016418,6.628469897909428,86.30329005002045,1.8979255885084136,24,666,20.2,45.56258287597758,23.404266648198107
10.347826086956522,18.42140307403642,0.0,18.1,0,0.6801428805230672,6.1693352664950405,98.99295808731435,1.4496026471169885,24,666,20.2,393.43469487656085,21.82372681989293
7.636363636363637,33.472189467276806,0.0,18.1,0,0.7109889327378692,5.060964441634528,95.36880667812304,1.7203871497079293,24,666,20.2,80.87540041498652,35.84707998076398
8.262295081967212,10.37496130515273,0.0,18.1,0,0.6859144255567831,5.802849432976166,79.54897090687001,1.553904180257891,24,666,20.2,339.1733897249577,29.516164472371166
9.18994974874372,13.544139330262434,0.0,18.1,0,0.693,5.982853349999623,95.8140849890307,1.7382774192984176,24,666,20.2,396.898,17.184512718198476
8.644067796610168,10.923723597482732,0.0,18.1,0,0.6729676279116351,6.72199377238416,88.82519187423,1.8303662589875507,24,666,20.2,21.765575852970148,25.148663599026463
9.430693069306932,8.986124044521782,0.0,18.1,0,0.6891910433878766,6.5404123243932775,89.93076394632817,2.047399266516529,24,666,20.2,18.245921436130832,23.757786053829307
